Pos,Team,Act_Pos,Exp_Pos,Pos_Diff,Act_Pts,Exp_Pts,Pts_Diff
1,Arsenal,1,1,0,85,76.78022302265249,8.219776977347507
2,Man City,2,2,0,78,76.75827532287238,1.2417246771276211
3,Man United,3,7,4,71,56.058217183271594,14.941782816728406
4,Aston Villa,4,5,1,65,59.36146287867129,5.63853712132871
5,Liverpool,5,3,-2,60,70.36279661776503,-10.362796617765028
6,Bournemouth,6,9,3,57,54.324741284663006,2.6752587153369944
7,Sunderland,7,19,12,54,34.70200448101973,19.297995518980272
8,Brighton,8,8,0,53,55.34220550568841,-2.342205505688412
9,Brentford,9,10,1,53,52.381372338248795,0.618627661751205
10,Chelsea,10,4,-6,52,59.933125775281994,-7.933125775281994
11,Fulham,11,13,2,52,48.82097825045567,3.179021749544333
12,Newcastle,12,6,-6,49,58.46578685827847,-9.46578685827847
13,Everton,13,12,-1,49,49.085195947920816,-0.0851959479208162
14,Leeds,14,17,3,47,39.26330536170241,7.7366946382975925
15,Crystal Palace,15,11,-4,45,51.929633760485025,-6.929633760485025
16,Nott'm Forest,16,14,-2,44,48.423884142867415,-4.423884142867415
17,Tottenham,17,15,-2,41,46.30380762291336,-5.303807622913361
18,West Ham,18,16,-2,39,40.835746096291345,-1.835746096291345
19,Burnley,19,20,1,22,28.791899719058996,-6.791899719058996
20,Wolves,20,18,-2,20,35.40597002874256,-15.405970028742558
